title,url,height_cm,price_gbp,media,width_cm
Combe Martin 1 (Emerald) by Phil Ashcroft,https://www.bearspace.co.uk/product-page/combe-martin-1-emerald-by-phil-ashcroft,31,600.00,"https://static.wixstatic.com/media/23a2ed_5de0e407f4ee4a19bd16464a0c19bb86~mv2.jpg/v1/fill/w_749,h_1000,al_c,q_85/23a2ed_5de0e407f4ee4a19bd16464a0c19bb86~mv2.jpg", 41
Combe Martin (Catalina Red Study) by Phil Ashcroft,https://www.bearspace.co.uk/product-page/combe-martin-catalina-red-study-by-phil-ashcroft,76 ,"1,500.00","https://static.wixstatic.com/media/23a2ed_5145eb41988f460583a7becc20cf0198~mv2.jpg/v1/fill/w_749,h_1000,al_c,q_85/23a2ed_5145eb41988f460583a7becc20cf0198~mv2.jpg", 61
Combe Martin 2 (Emerald) by Phil Ashcroft,https://www.bearspace.co.uk/product-page/combe-martin-2-emerald-by-phil-ashcroft,41 ,600.00,"https://static.wixstatic.com/media/23a2ed_730fdda69b8442669456194eb8459032~mv2.jpg/v1/fill/w_996,h_746,al_c,q_85,usm_0.66_1.00_0.01/23a2ed_730fdda69b8442669456194eb8459032~mv2.jpg", 31
Blue Lagoon Abereiddy (landscape) by Phil Ashcroft,https://www.bearspace.co.uk/product-page/blue-lagoon-abereiddy-landscape-by-phil-ashcroft,121 ,"4,500.00","https://static.wixstatic.com/media/23a2ed_648b584df61046fdae00e40cfd9e43a1~mv2.jpg/v1/fill/w_996,h_746,al_c,q_85,usm_0.66_1.00_0.01/23a2ed_648b584df61046fdae00e40cfd9e43a1~mv2.jpg", 91
Moonbeams I by Phil Ashcroft,https://www.bearspace.co.uk/product-page/moonbeams-i-by-phil-ashcroft,80 ,"1,200.00","https://static.wixstatic.com/media/23a2ed_fa302ec55fdb41a0b405762cad95f2bd~mv2.jpg/v1/fill/w_899,h_1200,al_c,q_85/23a2ed_fa302ec55fdb41a0b405762cad95f2bd~mv2.jpg", 60
Combe Martin (study) by Phil Ashcroft,https://www.bearspace.co.uk/product-page/combe-martin-study-by-phil-ashcroft-1,50 ,740.00,"https://static.wixstatic.com/media/23a2ed_f42652f7719a4a0bb8957cf1c17fc642~mv2.jpg/v1/fill/w_749,h_1000,al_c,q_85/23a2ed_f42652f7719a4a0bb8957cf1c17fc642~mv2.jpg", 40
Tunnels Beaches 2 (Ilfracombe) by Phil Ashcroft,https://www.bearspace.co.uk/product-page/tunnels-beaches-2-ilfracombe-by-phil-ashcroft,61 ,800.00,"https://static.wixstatic.com/media/23a2ed_7cca8a7053fe4701a41062131cba213c~mv2.jpg/v1/fill/w_996,h_746,al_c,q_85,usm_0.66_1.00_0.01/23a2ed_7cca8a7053fe4701a41062131cba213c~mv2.jpg", 46
Combe Martin I by Phil Ashcroft,https://www.bearspace.co.uk/product-page/combe-martin-study-by-phil-ashcroft,102 ,"2,400.00","https://static.wixstatic.com/media/23a2ed_7c002305ec8a4dc6ac27629c75f9b712~mv2.jpg/v1/fill/w_749,h_1000,al_c,q_85/23a2ed_7c002305ec8a4dc6ac27629c75f9b712~mv2.jpg", 76
Tunnels Beaches 1 (Ilfracombe) by Phil Ashcroft,https://www.bearspace.co.uk/product-page/tunnels-beaches-1-ilfracombe-by-phil-ashcroft,61 ,800.00,"https://static.wixstatic.com/media/23a2ed_869b68db8d0145bbb0cdafec73ecef99~mv2.jpg/v1/fill/w_996,h_746,al_c,q_85,usm_0.66_1.00_0.01/23a2ed_869b68db8d0145bbb0cdafec73ecef99~mv2.jpg", 46
Blue Lagoon Abereiddy 2 (Landscape) by Phil Ashcroft,https://www.bearspace.co.uk/product-page/blue-lagoon-abereiddy-2-landscape-by-phil-ashcroft,102 ,"2,200.00","https://static.wixstatic.com/media/23a2ed_f486fa2d863747f7b5d435206b6ab2ea~mv2.jpg/v1/fill/w_996,h_746,al_c,q_85,usm_0.66_1.00_0.01/23a2ed_f486fa2d863747f7b5d435206b6ab2ea~mv2.jpg", 76
Combe Martin 2 (Red Purple) by Phil Ashcroft,https://www.bearspace.co.uk/product-page/combe-martin-2-red-purple-by-phil-ashcroft,77 ,"1,200.00","https://static.wixstatic.com/media/23a2ed_53fc9b8e8f8c4269a17a0563e413948b~mv2.jpg/v1/fill/w_996,h_746,al_c,q_85,usm_0.66_1.00_0.01/23a2ed_53fc9b8e8f8c4269a17a0563e413948b~mv2.jpg", 61
Collage 3 by Olly Fathers,https://www.bearspace.co.uk/product-page/collage-3-by-olly-fathers,7 ,175.00,"https://static.wixstatic.com/media/23a2ed_cb23b55dd2b3431eaac9ec74c1f430c5~mv2.jpg/v1/fill/w_453,h_680,al_c,lg_1,q_85/23a2ed_cb23b55dd2b3431eaac9ec74c1f430c5~mv2.jpg", 21
Collage 2 by Olly Fathers,https://www.bearspace.co.uk/product-page/collage-2-by-olly-fathers,7 ,175.00,"https://static.wixstatic.com/media/23a2ed_9cad4c1ce9e64f5b8c58ae2a8840e5d6~mv2.jpg/v1/fill/w_453,h_680,al_c,lg_1,q_85/23a2ed_9cad4c1ce9e64f5b8c58ae2a8840e5d6~mv2.jpg", 21
Collage 1 by Olly Fathers,https://www.bearspace.co.uk/product-page/collage-1-by-olly-fathers,7 ,175.00,"https://static.wixstatic.com/media/23a2ed_3289624bfcde4ba9a121ff774278e369~mv2.jpg/v1/fill/w_486,h_649,al_c,lg_1,q_85/23a2ed_3289624bfcde4ba9a121ff774278e369~mv2.jpg", 21
C6 by Olly Fathers,https://www.bearspace.co.uk/product-page/c6-by-olly-fathers,30,240.00,"https://static.wixstatic.com/media/23a2ed_f9996c05b8a9441e9526841211a93744~mv2.jpg/v1/fill/w_996,h_996,al_c,q_85,usm_0.66_1.00_0.01/23a2ed_f9996c05b8a9441e9526841211a93744~mv2.jpg",30
C13 by Olly Fathers,https://www.bearspace.co.uk/product-page/c13-by-olly-fathers,30,240.00,"https://static.wixstatic.com/media/23a2ed_19b6d189a8c94d3b90cea4bc4719759e~mv2.jpg/v1/fill/w_996,h_996,al_c,q_85,usm_0.66_1.00_0.01/23a2ed_19b6d189a8c94d3b90cea4bc4719759e~mv2.jpg",30
P1 by Olly Fathers,https://www.bearspace.co.uk/product-page/p1-by-olly-fathers,30,240.00,"https://static.wixstatic.com/media/23a2ed_752c2d574dcc4dde80f596430d3b943d~mv2.jpg/v1/fill/w_996,h_996,al_c,q_85,usm_0.66_1.00_0.01/23a2ed_752c2d574dcc4dde80f596430d3b943d~mv2.jpg",30
P4 by Olly Fathers,https://www.bearspace.co.uk/product-page/p4-by-olly-fathers,30,240.00,"https://static.wixstatic.com/media/23a2ed_5957508157be47fa95c34c534b2fcb3f~mv2.jpg/v1/fill/w_996,h_996,al_c,q_85,usm_0.66_1.00_0.01/23a2ed_5957508157be47fa95c34c534b2fcb3f~mv2.jpg",30
P8 by Olly Fathers,https://www.bearspace.co.uk/product-page/p8-by-olly-fathers,30,240.00,"https://static.wixstatic.com/media/23a2ed_121a1d5cfe104caa8dafa9dafb845246~mv2.jpg/v1/fill/w_996,h_996,al_c,q_85,usm_0.66_1.00_0.01/23a2ed_121a1d5cfe104caa8dafa9dafb845246~mv2.jpg",30
P10 by Olly Fathers,https://www.bearspace.co.uk/product-page/p10-by-olly-fathers,30,240.00,"https://static.wixstatic.com/media/23a2ed_70a6448c874f484591af6573d56286d2~mv2.jpg/v1/fill/w_996,h_996,al_c,q_85,usm_0.66_1.00_0.01/23a2ed_70a6448c874f484591af6573d56286d2~mv2.jpg",30
Another Sunset by Lucy Baker,https://www.bearspace.co.uk/product-page/another-sunset-by-lucy-baker,42,340.00,"https://static.wixstatic.com/media/23a2ed_dd4bdef89dcc4ab19f379bede547b559~mv2_d_1497_1206_s_2.jpg/v1/fill/w_996,h_746,al_c,q_85,usm_0.66_1.00_0.01/23a2ed_dd4bdef89dcc4ab19f379bede547b559~mv2_d_1497_1206_s_2.jpg",34
Amazons by Lucy Baker,https://www.bearspace.co.uk/product-page/amazons-by-lucy-baker,110X130,"1,600.00","https://static.wixstatic.com/media/23a2ed_f7499fc86dba4fab94607a14fe363c14~mv2.jpg/v1/fill/w_758,h_1012,al_c,q_85/23a2ed_f7499fc86dba4fab94607a14fe363c14~mv2.jpg",110X130
The Ephemeral Isles by Jane Ward,https://www.bearspace.co.uk/product-page/the-ephemeral-isles-by-jane-ward,90,"1,400.00","https://static.wixstatic.com/media/23a2ed_594efaadb134447192b1a5a0e160bf77~mv2.jpg/v1/fill/w_996,h_746,al_c,q_85,usm_0.66_1.00_0.01/23a2ed_594efaadb134447192b1a5a0e160bf77~mv2.jpg",120
OFF ROAD by Lucy Baker,https://www.bearspace.co.uk/product-page/off-road-by-lucy-baker,30 X40,340.00,"https://static.wixstatic.com/media/23a2ed_ea87b5dcf9f14ba88b54b5f85ab24123~mv2.jpg/v1/fill/w_996,h_746,al_c,q_85,usm_0.66_1.00_0.01/23a2ed_ea87b5dcf9f14ba88b54b5f85ab24123~mv2.jpg",30 X40
To The Zenith's Height by Jane Ward,https://www.bearspace.co.uk/product-page/to-the-zenith-s-height-by-jane-ward,90,"1,400.00","https://static.wixstatic.com/media/23a2ed_37b4ccff54524d4d899083925c473ae2~mv2.jpg/v1/fill/w_996,h_746,al_c,q_85,usm_0.66_1.00_0.01/23a2ed_37b4ccff54524d4d899083925c473ae2~mv2.jpg",120
Kin by Vic Wright,https://www.bearspace.co.uk/product-page/kin-by-vic-wright,16cm ,440.00,"https://static.wixstatic.com/media/23a2ed_7e793706d96d4c699ff3c7988467f101~mv2.jpg/v1/fill/w_791,h_1188,al_c,q_85/23a2ed_7e793706d96d4c699ff3c7988467f101~mv2.jpg", 14
Hurricane by Lucy Baker,https://www.bearspace.co.uk/product-page/hurricane-by-lucy-baker,30 X40,,"https://static.wixstatic.com/media/23a2ed_6ad5a22d1aec4a68b03c3d82fb5b8114~mv2_d_3003_2217_s_2.jpg/v1/fill/w_996,h_746,al_c,q_85,usm_0.66_1.00_0.01/23a2ed_6ad5a22d1aec4a68b03c3d82fb5b8114~mv2_d_3003_2217_s_2.jpg",30 X40
Morning Came by Dominic Bradnum,https://www.bearspace.co.uk/product-page/morning-came-by-dominic-bradnum,40cm ,640.00,"https://static.wixstatic.com/media/23a2ed_99764746ef6b4abaad31f376a076a7de~mv2_d_2159_1745_s_2.jpg/v1/fill/w_996,h_746,al_c,q_85,usm_0.66_1.00_0.01/23a2ed_99764746ef6b4abaad31f376a076a7de~mv2_d_2159_1745_s_2.jpg", 50
The Hurricane by Lucy Baker,https://www.bearspace.co.uk/product-page/the-hurricane-by-lucy-baker,110X130,"1,600.00","https://static.wixstatic.com/media/23a2ed_eaedcadb7cae4f20a39b2d44272e50cf~mv2_d_1408_1656_s_2.jpg/v1/fill/w_996,h_1330,al_c,q_85,usm_0.66_1.00_0.01/23a2ed_eaedcadb7cae4f20a39b2d44272e50cf~mv2_d_1408_1656_s_2.jpg",110X130
Overland I by Jane Ward,https://www.bearspace.co.uk/product-page/overland-i-by-jane-ward,90,"1,400.00","https://static.wixstatic.com/media/23a2ed_5bd7fe254c0a46b18be161c640e3afd4~mv2.jpg/v1/fill/w_996,h_746,al_c,q_85,usm_0.66_1.00_0.01/23a2ed_5bd7fe254c0a46b18be161c640e3afd4~mv2.jpg",120
Candy Flop by Olly Fathers,https://www.bearspace.co.uk/product-page/candy-flop-by-olly-fathers,127 ,"3,400.00","https://static.wixstatic.com/media/23a2ed_8dcf6c12ae584fcc95a4445661f43e52~mv2.jpg/v1/fill/w_996,h_1330,al_c,q_85,usm_0.66_1.00_0.01/23a2ed_8dcf6c12ae584fcc95a4445661f43e52~mv2.jpg", 53
Crossroads by Olly Fathers,https://www.bearspace.co.uk/product-page/crossroads-by-olly-fathers,120,"4,000.00","https://static.wixstatic.com/media/23a2ed_e73361b48780428d8184654a48c3afa8~mv2.jpg/v1/fill/w_996,h_996,al_c,q_85,usm_0.66_1.00_0.01/23a2ed_e73361b48780428d8184654a48c3afa8~mv2.jpg",120
Tommy by Olly Fathers,https://www.bearspace.co.uk/product-page/tommy-by-olly-fathers,100 ,"1,940.00","https://static.wixstatic.com/media/23a2ed_5586bde51a264274bf85cd792ef46f67~mv2.jpg/v1/fill/w_799,h_1200,al_c,q_85/23a2ed_5586bde51a264274bf85cd792ef46f67~mv2.jpg", 70
Constructed Veneer IV by Olly Fathers,https://www.bearspace.co.uk/product-page/constructed-veneer-4-by-olly-fathers,38,"1,100.00","https://static.wixstatic.com/media/23a2ed_7dbc907e0df4476aa5b7ad8126e839b8~mv2.jpg/v1/fill/w_996,h_996,al_c,q_85,usm_0.66_1.00_0.01/23a2ed_7dbc907e0df4476aa5b7ad8126e839b8~mv2.jpg",32
Constructed Veneer V by Olly Fathers,https://www.bearspace.co.uk/product-page/constructed-veneer-5-by-olly-fathers,30,940.00,"https://static.wixstatic.com/media/23a2ed_5528cda2aa8849e389371be2bad7ff3c~mv2.jpg/v1/fill/w_996,h_996,al_c,q_85,usm_0.66_1.00_0.01/23a2ed_5528cda2aa8849e389371be2bad7ff3c~mv2.jpg",33
FRAGMENTATION No.17 by Jim Cheatle,https://www.bearspace.co.uk/product-page/fragmentation-no-17-by-jim-cheatle,70 ,"1,200.00","https://static.wixstatic.com/media/23a2ed_38c74fdfe7c44e12bfdae4e10169c58f~mv2.jpg/v1/fill/w_749,h_1000,al_c,q_85/23a2ed_38c74fdfe7c44e12bfdae4e10169c58f~mv2.jpg", 54
FRAGMENTATION No.10 by Jim Cheatle,https://www.bearspace.co.uk/product-page/fragmentation-no-10-by-jim-cheatle,70 ,"1,200.00","https://static.wixstatic.com/media/23a2ed_9d9b4f4759c842bb8b76ad1860cfaab0~mv2.jpg/v1/fill/w_749,h_1000,al_c,q_85/23a2ed_9d9b4f4759c842bb8b76ad1860cfaab0~mv2.jpg", 54
Constructed Veneer VI by Olly Fathers,https://www.bearspace.co.uk/product-page/constructed-veneer-5-by-olly-fathers-1,26,940.00,"https://static.wixstatic.com/media/23a2ed_61ed0bfee5114dff9a46949b126a22f2~mv2.jpg/v1/fill/w_996,h_996,al_c,q_85,usm_0.66_1.00_0.01/23a2ed_61ed0bfee5114dff9a46949b126a22f2~mv2.jpg",24
Fragstudy 1 by Jim Cheatle,https://www.bearspace.co.uk/product-page/fragstudy-1-by-jim-cheatle,5 ,490.00,"https://static.wixstatic.com/media/23a2ed_c9d0a704baa44675917d2f7bb20c86f8~mv2.jpg/v1/fill/w_935,h_1249,al_c,q_85/23a2ed_c9d0a704baa44675917d2f7bb20c86f8~mv2.jpg", 23
Fragstudy 2 by Jim Cheatle,https://www.bearspace.co.uk/product-page/fragstudy-2-by-jim-cheatle,5 ,490.00,"https://static.wixstatic.com/media/23a2ed_61756c5df54141febd971d0b1edf00dd~mv2.jpg/v1/fill/w_935,h_1249,al_c,q_85/23a2ed_61756c5df54141febd971d0b1edf00dd~mv2.jpg", 23
Fragstudy 3 by Jim Cheatle,https://www.bearspace.co.uk/product-page/fragstudy-3-by-jim-cheatle,5 ,490.00,"https://static.wixstatic.com/media/23a2ed_d0e585f2c66444379d7bb673150fb275~mv2.jpg/v1/fill/w_935,h_1249,al_c,q_85/23a2ed_d0e585f2c66444379d7bb673150fb275~mv2.jpg", 23
Fragstudy 4 by Jim Cheatle,https://www.bearspace.co.uk/product-page/fragstudy-4-by-jim-cheatle,5 ,490.00,"https://static.wixstatic.com/media/23a2ed_6f4c679e4c054bb8b105c29bdd15f6c8~mv2.jpg/v1/fill/w_935,h_1249,al_c,q_85/23a2ed_6f4c679e4c054bb8b105c29bdd15f6c8~mv2.jpg", 23
Fragstudy 7 by Jim Cheatle,https://www.bearspace.co.uk/product-page/fragstudy-5-by-jim-cheatle,5 ,490.00,"https://static.wixstatic.com/media/23a2ed_2effe8912b79494082ae4f7574bd0eba~mv2.jpg/v1/fill/w_935,h_1249,al_c,q_85/23a2ed_2effe8912b79494082ae4f7574bd0eba~mv2.jpg", 23
Portal 5 by Jane Ward,https://www.bearspace.co.uk/product-page/portal-5-by-jane-ward,,320.00,"https://static.wixstatic.com/media/23a2ed_d77d17e6aa7e42f697445a65d29e3709~mv2.jpg/v1/fill/w_850,h_850,al_c,q_85/23a2ed_d77d17e6aa7e42f697445a65d29e3709~mv2.jpg",
Portal 6 by Jane Ward,https://www.bearspace.co.uk/product-page/portal-6-by-jane-ward,,320.00,"https://static.wixstatic.com/media/23a2ed_d3f85ae0668b449191364bbe8e97b142~mv2.jpg/v1/fill/w_850,h_850,al_c,q_85/23a2ed_d3f85ae0668b449191364bbe8e97b142~mv2.jpg",
Portal 7 by Jane Ward,https://www.bearspace.co.uk/product-page/portal-7-by-jane-ward,,490.00,"https://static.wixstatic.com/media/23a2ed_d3cc8e121bb24c17bd0655fc287b2173~mv2.jpg/v1/fill/w_850,h_850,al_c,q_85/23a2ed_d3cc8e121bb24c17bd0655fc287b2173~mv2.jpg",
Portal 8 by Jane Ward,https://www.bearspace.co.uk/product-page/portal-8-by-jane-ward,,490.00,"https://static.wixstatic.com/media/23a2ed_ef0a3433863e436084b57c4e315002d5~mv2.jpg/v1/fill/w_850,h_850,al_c,q_85/23a2ed_ef0a3433863e436084b57c4e315002d5~mv2.jpg",
Portal 9 by Jane Ward,https://www.bearspace.co.uk/product-page/portal-9-by-jane-ward,,490.00,"https://static.wixstatic.com/media/23a2ed_0df8f12b3820475682b8177f8f6ebdd3~mv2.jpg/v1/fill/w_850,h_850,al_c,q_85/23a2ed_0df8f12b3820475682b8177f8f6ebdd3~mv2.jpg",
As The Tide Turned by Dominic Bradnum,https://www.bearspace.co.uk/product-page/as-the-tide-turned-by-dominic-bradnum,100cm ,"1,400.00","https://static.wixstatic.com/media/23a2ed_1b32d56d11df489085b3b0e8e9e97da9~mv2.jpg/v1/fill/w_996,h_746,al_c,q_85,usm_0.66_1.00_0.01/23a2ed_1b32d56d11df489085b3b0e8e9e97da9~mv2.jpg", 80
You Took My Breath Away by Dominic Bradnum,https://www.bearspace.co.uk/product-page/you-took-my-breath-away-by-dominic-bradnum,40,640.00,"https://static.wixstatic.com/media/23a2ed_309017391ae941c7bd9206535ecf1886~mv2.jpg/v1/fill/w_996,h_746,al_c,q_85,usm_0.66_1.00_0.01/23a2ed_309017391ae941c7bd9206535ecf1886~mv2.jpg",50
Balancing Acts I by Elise Wootten,https://www.bearspace.co.uk/product-page/balancing-acts-i-by-elise-wootten,7 ,400.00,"https://static.wixstatic.com/media/23a2ed_5f517ecd065447d99e97246e247830a0~mv2_d_1512_2016_s_2.jpg/v1/fill/w_996,h_1330,al_c,q_85,usm_0.66_1.00_0.01/23a2ed_5f517ecd065447d99e97246e247830a0~mv2_d_1512_2016_s_2.jpg", 50
Balancing Acts II by Elise Wootten,https://www.bearspace.co.uk/product-page/balancing-acts-ii-by-elise-wootten,7 ,400.00,"https://static.wixstatic.com/media/23a2ed_afa108efe9014d1e950a0d786654a2ef~mv2_d_1512_2016_s_2.jpg/v1/fill/w_996,h_1330,al_c,q_85,usm_0.66_1.00_0.01/23a2ed_afa108efe9014d1e950a0d786654a2ef~mv2_d_1512_2016_s_2.jpg", 50
Balancing Acts III by Elise Wootten,https://www.bearspace.co.uk/product-page/balancing-acts-iii-by-elise-wootten,7 ,400.00,"https://static.wixstatic.com/media/23a2ed_834a2b859dfc48a39e73a1d3bb48e022~mv2_d_1512_2016_s_2.jpg/v1/fill/w_996,h_1330,al_c,q_85,usm_0.66_1.00_0.01/23a2ed_834a2b859dfc48a39e73a1d3bb48e022~mv2_d_1512_2016_s_2.jpg", 50
Balancing Acts V by Elise Wootten,https://www.bearspace.co.uk/product-page/balancing-acts-v-by-elise-wootten,7 ,340.00,"https://static.wixstatic.com/media/23a2ed_ec2c8770909f495fab310f5424c08402~mv2_d_1937_2417_s_2.jpeg/v1/fill/w_996,h_1330,al_c,q_85,usm_0.66_1.00_0.01/23a2ed_ec2c8770909f495fab310f5424c08402~mv2_d_1937_2417_s_2.jpeg", 50
Somewhat Confusing I by Elise Wootten,https://www.bearspace.co.uk/product-page/somewhat-confusing-i-by-elise-wootten,74 ,640.00,"https://static.wixstatic.com/media/23a2ed_72348a24d8ff46e09e628e58f9147fa3~mv2.png/v1/fill/w_996,h_746,al_c,usm_0.66_1.00_0.01/23a2ed_72348a24d8ff46e09e628e58f9147fa3~mv2.png", 88
Balancing Acts IV by Elise Wootten,https://www.bearspace.co.uk/product-page/balancing-acts-iv-by-elise-wootten,7 ,400.00,"https://static.wixstatic.com/media/23a2ed_6644f84b975c4865baa3b5ad8b23e52f~mv2.png/v1/fill/w_656,h_876,al_c/23a2ed_6644f84b975c4865baa3b5ad8b23e52f~mv2.png", 50
Somewhat Confusing II by Elise Wootten,https://www.bearspace.co.uk/product-page/somewhat-confusing-ii-by-elise-wootten,75 ,640.00,"https://static.wixstatic.com/media/23a2ed_41a8e32bd6b342de94f4a030464e80b9~mv2.png/v1/fill/w_682,h_511,al_c,lg_1/23a2ed_41a8e32bd6b342de94f4a030464e80b9~mv2.png", 89
The Tide Seems To Whisper Your Name by Dominic Badnum,https://www.bearspace.co.uk/product-page/the-tide-seems-to-whisper-your-name-by-dominic-badnum,80cm ,"1,600.00","https://static.wixstatic.com/media/23a2ed_f732d2b06a53463e8128ff58f9c6f9ce~mv2.jpg/v1/fill/w_996,h_746,al_c,q_85,usm_0.66_1.00_0.01/23a2ed_f732d2b06a53463e8128ff58f9c6f9ce~mv2.jpg", width 100
Take My Hand by Dominic Badnum,https://www.bearspace.co.uk/product-page/take-my-hand-by-dominic-badnum,40cm ,840.00,"https://static.wixstatic.com/media/23a2ed_2b58eee0b12a4820b2bc6685be1a4822~mv2.jpg/v1/fill/w_996,h_746,al_c,q_85,usm_0.66_1.00_0.01/23a2ed_2b58eee0b12a4820b2bc6685be1a4822~mv2.jpg", 50
Purple Motion by Dionne Cole,https://www.bearspace.co.uk/product-page/purple-motion-by-dionne-cole,4 ,"1,200.00","https://static.wixstatic.com/media/23a2ed_b2ee9e446028443c9ec34e9d0c4ec8d9~mv2_d_2632_3696_s_4_2.jpg/v1/fill/w_996,h_1330,al_c,q_85,usm_0.66_1.00_0.01/23a2ed_b2ee9e446028443c9ec34e9d0c4ec8d9~mv2_d_2632_3696_s_4_2.jpg", 84
This Day Is Ours by Dominic Bradnum,https://www.bearspace.co.uk/product-page/you-took-my-breath-away-by-dominic-badnum,40 ,640.00,"https://static.wixstatic.com/media/23a2ed_8cfb916cdf22407cb4ae2b8b275f1484~mv2.jpg/v1/fill/w_996,h_746,al_c,q_85,usm_0.66_1.00_0.01/23a2ed_8cfb916cdf22407cb4ae2b8b275f1484~mv2.jpg", 50
Meld 4 by Vic Wright,https://www.bearspace.co.uk/product-page/meld-4-by-vic-wright,18 ,440.00,"https://static.wixstatic.com/media/23a2ed_b5b3f7b51e5b4e61beec59c15b2f0a6c~mv2_d_3299_4948_s_4_2.jpg/v1/fill/w_996,h_1496,al_c,q_85,usm_0.66_1.00_0.01/23a2ed_b5b3f7b51e5b4e61beec59c15b2f0a6c~mv2_d_3299_4948_s_4_2.jpg", 15
Disperse by Dionne Cole,https://www.bearspace.co.uk/product-page/disperse-by-dionne-cole,76 ,"1,400.00","https://static.wixstatic.com/media/23a2ed_5a37bf930ae143e7ba99b848c648dec6~mv2_d_1969_1470_s_2.jpg/v1/fill/w_996,h_746,al_c,q_85,usm_0.66_1.00_0.01/23a2ed_5a37bf930ae143e7ba99b848c648dec6~mv2_d_1969_1470_s_2.jpg", 101
Meld 6 by Vic Wright,https://www.bearspace.co.uk/product-page/meld-5-by-vic-wright,17 ,440.00,"https://static.wixstatic.com/media/23a2ed_4a87f4b78dfe4f44ae7185ae46ea8d6e~mv2_d_3299_4948_s_4_2.jpg/v1/fill/w_996,h_1496,al_c,q_85,usm_0.66_1.00_0.01/23a2ed_4a87f4b78dfe4f44ae7185ae46ea8d6e~mv2_d_3299_4948_s_4_2.jpg", 18
The Ephemeral Isles 1 by Jane Ward,https://www.bearspace.co.uk/product-page/the-ephemeral-isles-1-by-jane-ward,90,"1,800.00","https://static.wixstatic.com/media/23a2ed_7fa5a47539eb48bf8cd411be58fb085f~mv2.jpg/v1/fill/w_996,h_746,al_c,q_85,usm_0.66_1.00_0.01/23a2ed_7fa5a47539eb48bf8cd411be58fb085f~mv2.jpg",120
Those Hidden Ravines by Jane Ward,https://www.bearspace.co.uk/product-page/those-hidden-ravines-by-jane-ward,45,640.00,"https://static.wixstatic.com/media/23a2ed_a6c6e2223b92494fa3c0ed9f179fb295~mv2.jpg/v1/fill/w_996,h_746,al_c,q_85,usm_0.66_1.00_0.01/23a2ed_a6c6e2223b92494fa3c0ed9f179fb295~mv2.jpg",60
The Ephemeral Isles 5 by Jane Ward,https://www.bearspace.co.uk/product-page/the-ephemeral-isles-5a-by-jane-ward,45,490.00,"https://static.wixstatic.com/media/23a2ed_aafa15639a6843ce9e1649c84200fdba~mv2.jpg/v1/fill/w_996,h_746,al_c,q_85,usm_0.66_1.00_0.01/23a2ed_aafa15639a6843ce9e1649c84200fdba~mv2.jpg",60
From Steep to Steep by Jane Ward,https://www.bearspace.co.uk/product-page/from-steep-to-steep-by-jane-ward,45,640.00,"https://static.wixstatic.com/media/23a2ed_3028289105ee45c1a5e7526d60f7053d~mv2.jpg/v1/fill/w_996,h_746,al_c,q_85,usm_0.66_1.00_0.01/23a2ed_3028289105ee45c1a5e7526d60f7053d~mv2.jpg",60
Castle 2 by Jane Ward,https://www.bearspace.co.uk/product-page/castle-2-by-jane-ward,45,640.00,"https://static.wixstatic.com/media/23a2ed_b576cb46781d4f79bbfcf8aa2da26582~mv2.jpg/v1/fill/w_996,h_746,al_c,q_85,usm_0.66_1.00_0.01/23a2ed_b576cb46781d4f79bbfcf8aa2da26582~mv2.jpg",60
Unfathomable Deeps by Jane Ward,https://www.bearspace.co.uk/product-page/unfathomable-deeps-by-jane-ward-1,24,340.00,"https://static.wixstatic.com/media/23a2ed_acf9e352b7a84a86b51ef8a0968a4167~mv2.jpg/v1/fill/w_996,h_746,al_c,q_85,usm_0.66_1.00_0.01/23a2ed_acf9e352b7a84a86b51ef8a0968a4167~mv2.jpg",30
From Frozen Floods by Jane Ward,https://www.bearspace.co.uk/product-page/from-frozen-floods-by-jane-ward-1,24,340.00,"https://static.wixstatic.com/media/23a2ed_a56784ef8e1c4e238e30503b068834d1~mv2.jpg/v1/fill/w_996,h_746,al_c,q_85,usm_0.66_1.00_0.01/23a2ed_a56784ef8e1c4e238e30503b068834d1~mv2.jpg",30
Meld 5,https://www.bearspace.co.uk/product-page/copy-of-meld-5,17 ,420.00,"https://static.wixstatic.com/media/23a2ed_0eedc0b3325148d3b70c672204d09cec~mv2_d_3299_4948_s_4_2.jpg/v1/fill/w_996,h_1496,al_c,q_85,usm_0.66_1.00_0.01/23a2ed_0eedc0b3325148d3b70c672204d09cec~mv2_d_3299_4948_s_4_2.jpg", 15
Portal 1 by Jane Ward,https://www.bearspace.co.uk/product-page/portal-1-by-jane-ward,,320.00,"https://static.wixstatic.com/media/23a2ed_6a7713a996f94a9897b7e4ed2503dae8~mv2.jpg/v1/fill/w_850,h_850,al_c,q_85/23a2ed_6a7713a996f94a9897b7e4ed2503dae8~mv2.jpg",
FRAGMENTATION No.44 by Jim Cheatle,https://www.bearspace.co.uk/product-page/fragmentation-no-44-by-jim-cheatle,70 ,"1,200.00","https://static.wixstatic.com/media/23a2ed_5fb34dd7ebcd4ea0a881b97068144617~mv2.jpg/v1/fill/w_749,h_1000,al_c,q_85/23a2ed_5fb34dd7ebcd4ea0a881b97068144617~mv2.jpg", 54
FRAGMENTATION No.46 by Jim Cheatle,https://www.bearspace.co.uk/product-page/fragmentation-no-46-by-jim-cheatle,70 ,"1,200.00","https://static.wixstatic.com/media/23a2ed_e0d30df8c3cb4db5b7b54f3deb644376~mv2.jpg/v1/fill/w_749,h_1000,al_c,q_85/23a2ed_e0d30df8c3cb4db5b7b54f3deb644376~mv2.jpg", 54
FRAGMENTATION No.45 by Jim Cheatle,https://www.bearspace.co.uk/product-page/fragmentation-no-45-by-jim-cheatle,70 ,"1,200.00","https://static.wixstatic.com/media/23a2ed_9a31d4d3ea474393836f480019c99169~mv2.jpg/v1/fill/w_749,h_1000,al_c,q_85/23a2ed_9a31d4d3ea474393836f480019c99169~mv2.jpg", 54
FRAGMENTATION No.33 by Jim Cheatle,https://www.bearspace.co.uk/product-page/fragmentation-no-33-by-jim-cheatle,70 ,"1,200.00","https://static.wixstatic.com/media/23a2ed_9aa5c8128f2f4d80854eee2e645a4aa3~mv2.jpg/v1/fill/w_749,h_1000,al_c,q_85/23a2ed_9aa5c8128f2f4d80854eee2e645a4aa3~mv2.jpg", 54
Somewhat Confusing III by Elise Wootten,https://www.bearspace.co.uk/product-page/somewhat-confusing-iii-by-elise-wootten,75 ,640.00,"https://static.wixstatic.com/media/23a2ed_fa7075c8db1a48a5acac566009202c41~mv2.png/v1/fill/w_672,h_503,al_c,lg_1/23a2ed_fa7075c8db1a48a5acac566009202c41~mv2.png", 88
All Recognisable Entities by Elise Wootten,https://www.bearspace.co.uk/product-page/all-recognisable-entities-by-elise-wootten,9 ,"1,200.00","https://static.wixstatic.com/media/23a2ed_983aef4c05fc49edb2db77c25f9ed8c1~mv2.png/v1/fill/w_945,h_708,al_c/23a2ed_983aef4c05fc49edb2db77c25f9ed8c1~mv2.png", 50
Constructed Veneer VII by Olly Fathers,https://www.bearspace.co.uk/product-page/constructed-veneer-vii-by-olly-fathers,34,940.00,"https://static.wixstatic.com/media/23a2ed_84b4d543b3ec44c790069ca2d0d3f9f7~mv2.jpg/v1/fill/w_996,h_996,al_c,q_85,usm_0.66_1.00_0.01/23a2ed_84b4d543b3ec44c790069ca2d0d3f9f7~mv2.jpg",25
"Standing White , black & gold by Vic Wright",https://www.bearspace.co.uk/product-page/standing-white-black-gold-by-vic-wright,12 ,280.00,"https://static.wixstatic.com/media/23a2ed_039dbb1bf2414454bc2bf4b4be2e2d2f~mv2.jpg/v1/fill/w_905,h_1360,al_c,q_85/23a2ed_039dbb1bf2414454bc2bf4b4be2e2d2f~mv2.jpg", 6
Standing Grey double by Vic Wright,https://www.bearspace.co.uk/product-page/standing-grey-double-by-vic-wright,12 ,180.00,"https://static.wixstatic.com/media/23a2ed_bac0c1cd2b964a81803eddd8bb897c58~mv2.jpg/v1/fill/w_920,h_1382,al_c,q_85/23a2ed_bac0c1cd2b964a81803eddd8bb897c58~mv2.jpg", 6
Meld 1 by Vic Wright,https://www.bearspace.co.uk/product-page/meld-1-by-vic-wright,17 ,440.00,"https://static.wixstatic.com/media/23a2ed_c3aeb8bb74624941a2a12b67e9789e4f~mv2_d_1724_2587_s_2.jpg/v1/fill/w_996,h_1496,al_c,q_85,usm_0.66_1.00_0.01/23a2ed_c3aeb8bb74624941a2a12b67e9789e4f~mv2_d_1724_2587_s_2.jpg", 14
Conversation by Vic Wright,https://www.bearspace.co.uk/product-page/conversation-by-vic-wright,5 ,440.00,"https://static.wixstatic.com/media/23a2ed_d1ee2c91346a47279a28e2e08d1a50fd~mv2.jpg/v1/fill/w_897,h_1347,al_c,q_85/23a2ed_d1ee2c91346a47279a28e2e08d1a50fd~mv2.jpg", 13
Facet by Vic Wright,https://www.bearspace.co.uk/product-page/facet-by-vic-wright,10 ,140.00,"https://static.wixstatic.com/media/23a2ed_f1aee39ad5ae4cb794ce70b5a76c7396~mv2.jpg/v1/fill/w_824,h_1238,al_c,q_85/23a2ed_f1aee39ad5ae4cb794ce70b5a76c7396~mv2.jpg", 6
Standing Triple Grey and Black by Vic Wright,https://www.bearspace.co.uk/product-page/standing-triple-grey-and-black-by-vic-wright,15 ,380.00,"https://static.wixstatic.com/media/23a2ed_3dc9e1c26bad41f2abb12757b446bfc0~mv2.jpg/v1/fill/w_920,h_1382,al_c,q_85/23a2ed_3dc9e1c26bad41f2abb12757b446bfc0~mv2.jpg", 14
Green Sanctuary by Dionne Cole,https://www.bearspace.co.uk/product-page/green-sanctuary-by-dionne-cole,,"1,200.00","https://static.wixstatic.com/media/23a2ed_7d861bd4c46d4bf5bf23184517eb1988~mv2_d_11013_16233_s_6_4_3.jpg/v1/fill/w_996,h_1496,al_c,q_85,usm_0.66_1.00_0.01/23a2ed_7d861bd4c46d4bf5bf23184517eb1988~mv2_d_11013_16233_s_6_4_3.jpg",
Meld 2 by Vic Wright,https://www.bearspace.co.uk/product-page/meld-2-by-vic-wright,15 ,320.00,"https://static.wixstatic.com/media/23a2ed_93d68af70b5d42bfa2376cdacd9683b5~mv2.jpg/v1/fill/w_897,h_1347,al_c,q_85/23a2ed_93d68af70b5d42bfa2376cdacd9683b5~mv2.jpg", 12
Ore by Vic Wright,https://www.bearspace.co.uk/product-page/ore-by-vic-wright,5 ,140.00,"https://static.wixstatic.com/media/23a2ed_3abcc755eef84de89c0fc79b8d313059~mv2.jpg/v1/fill/w_895,h_1345,al_c,q_85/23a2ed_3abcc755eef84de89c0fc79b8d313059~mv2.jpg", 8
Conversation 2 by Vic Wright,https://www.bearspace.co.uk/product-page/conversation-2-by-vic-wright,12 ,320.00,"https://static.wixstatic.com/media/23a2ed_4398816ef17c48329faa29cf0beaede3~mv2_d_3840_5760_s_4_2.jpg/v1/fill/w_996,h_1496,al_c,q_85,usm_0.66_1.00_0.01/23a2ed_4398816ef17c48329faa29cf0beaede3~mv2_d_3840_5760_s_4_2.jpg", 8
Burst of Life by Dionne Cole,https://www.bearspace.co.uk/product-page/burst-of-life-by-dionne-cole,48 ,440.00,"https://static.wixstatic.com/media/23a2ed_f926f7401161452cb53ea8b5e77754d5~mv2_d_1383_1383_s_2.jpg/v1/fill/w_996,h_996,al_c,q_85,usm_0.66_1.00_0.01/23a2ed_f926f7401161452cb53ea8b5e77754d5~mv2_d_1383_1383_s_2.jpg", 48
Conversation 3 by Vic Wright,https://www.bearspace.co.uk/product-page/conversation-3-by-vic-wright,12 ,340.00,"https://static.wixstatic.com/media/23a2ed_ae1626dc4b044728a360d28931c6ef70~mv2_d_3840_5760_s_4_2.jpg/v1/fill/w_996,h_1496,al_c,q_85,usm_0.66_1.00_0.01/23a2ed_ae1626dc4b044728a360d28931c6ef70~mv2_d_3840_5760_s_4_2.jpg", 10
Shades of Coral by Dionne Cole,https://www.bearspace.co.uk/product-page/shades-of-coral-by-dionne-cole,5 ,"1,400.00","https://static.wixstatic.com/media/23a2ed_e3df841958e64b6e8210c498e2a3af0a~mv2_d_1341_1376_s_2.jpg/v1/fill/w_996,h_996,al_c,q_85,usm_0.66_1.00_0.01/23a2ed_e3df841958e64b6e8210c498e2a3af0a~mv2_d_1341_1376_s_2.jpg", 57
Facet 3 by Vic Wright,https://www.bearspace.co.uk/product-page/facet-3-by-vic-wright,7 ,140.00,"https://static.wixstatic.com/media/23a2ed_2ea5f2c5ca5c454b99824df2cd8e3e7a~mv2_d_3840_5760_s_4_2.jpg/v1/fill/w_996,h_1496,al_c,q_85,usm_0.66_1.00_0.01/23a2ed_2ea5f2c5ca5c454b99824df2cd8e3e7a~mv2_d_3840_5760_s_4_2.jpg", 7
Facet 2 by Vic Wright,https://www.bearspace.co.uk/product-page/facet-2-by-vic-wright,7 ,140.00,"https://static.wixstatic.com/media/23a2ed_0c9dac018bc04b55916c145138806bc4~mv2_d_3840_5760_s_4_2.jpg/v1/fill/w_996,h_1496,al_c,q_85,usm_0.66_1.00_0.01/23a2ed_0c9dac018bc04b55916c145138806bc4~mv2_d_3840_5760_s_4_2.jpg", 7
Flight by Dionne Cole,https://www.bearspace.co.uk/product-page/flight-by-dionne-cole,,"2,800.00","https://static.wixstatic.com/media/23a2ed_8e675801aae84ef69f54da249b20f3c0~mv2_d_9733_15837_s_4_3.jpg/v1/fill/w_996,h_1496,al_c,q_85,usm_0.66_1.00_0.01/23a2ed_8e675801aae84ef69f54da249b20f3c0~mv2_d_9733_15837_s_4_3.jpg",
Facet 4 by Vic Wright,https://www.bearspace.co.uk/product-page/facet-4-by-vic-wright,5 ,140.00,"https://static.wixstatic.com/media/23a2ed_938f5edb3fdc41e2aed216e0bbf05dc7~mv2_d_3840_5760_s_4_2.jpg/v1/fill/w_996,h_1496,al_c,q_85,usm_0.66_1.00_0.01/23a2ed_938f5edb3fdc41e2aed216e0bbf05dc7~mv2_d_3840_5760_s_4_2.jpg", 6
Facet 5 by Vic Wright,https://www.bearspace.co.uk/product-page/facet-5-by-vic-wright,8 ,140.00,"https://static.wixstatic.com/media/23a2ed_74d2c353c8fb4e73a0a83148dc4c508c~mv2_d_3840_5760_s_4_2.jpg/v1/fill/w_996,h_1496,al_c,q_85,usm_0.66_1.00_0.01/23a2ed_74d2c353c8fb4e73a0a83148dc4c508c~mv2_d_3840_5760_s_4_2.jpg", 6
Shades of Coral II by Dionne Cole,https://www.bearspace.co.uk/product-page/shades-of-coral-ii-by-dionne-cole,,490.00,"https://static.wixstatic.com/media/23a2ed_7261d588729d43b397763cf2aaaf6c4a~mv2_d_1525_2094_s_2.jpg/v1/fill/w_996,h_1330,al_c,q_85,usm_0.66_1.00_0.01/23a2ed_7261d588729d43b397763cf2aaaf6c4a~mv2_d_1525_2094_s_2.jpg",
I See Beauty In Everything by Dominic Badnum,https://www.bearspace.co.uk/product-page/i-see-beauty-in-everything-by-dominic-badnum,80cm ,"1,600.00","https://static.wixstatic.com/media/23a2ed_edbea3fd957d42beb8612365421d2683~mv2.jpg/v1/fill/w_996,h_746,al_c,q_85,usm_0.66_1.00_0.01/23a2ed_edbea3fd957d42beb8612365421d2683~mv2.jpg", width 100
Broad Vales Between by Jane Ward,https://www.bearspace.co.uk/product-page/broad-vales-between-by-jane-ward,70,840.00,"https://static.wixstatic.com/media/23a2ed_cc6e67bbf724423788971620930adcdb~mv2.jpg/v1/fill/w_996,h_746,al_c,q_85,usm_0.66_1.00_0.01/23a2ed_cc6e67bbf724423788971620930adcdb~mv2.jpg",90
To The Zenith'sHeight by Jane Ward,https://www.bearspace.co.uk/product-page/to-the-zenith-sheight-by-jane-ward,90,"1,400.00","https://static.wixstatic.com/media/23a2ed_64ad23e76fc340ab8611d534fff35c75~mv2.jpg/v1/fill/w_996,h_746,al_c,q_85,usm_0.66_1.00_0.01/23a2ed_64ad23e76fc340ab8611d534fff35c75~mv2.jpg",120
From the Curved Horizon by Jane Ward,https://www.bearspace.co.uk/product-page/from-the-curved-horizon-by-jane-ward,90,"1,400.00","https://static.wixstatic.com/media/23a2ed_d60e33d161bd44d8aa020d556d519a0f~mv2.jpg/v1/fill/w_996,h_746,al_c,q_85,usm_0.66_1.00_0.01/23a2ed_d60e33d161bd44d8aa020d556d519a0f~mv2.jpg",120
Spangled by John Greenwood,https://www.bearspace.co.uk/product-page/spangled-by-john-greenwood,35,"3,000.00","https://static.wixstatic.com/media/23a2ed_2f14af661f9e435a8e2859b89fae7e00~mv2_d_1500_1717_s_2.jpg/v1/fill/w_996,h_996,al_c,q_85,usm_0.66_1.00_0.01/23a2ed_2f14af661f9e435a8e2859b89fae7e00~mv2_d_1500_1717_s_2.jpg",30cms
Museum of now by John Greenwood,https://www.bearspace.co.uk/product-page/museum-of-now-by-john-greenwood,45,"9,800.00","https://static.wixstatic.com/media/23a2ed_6765492f42de4c14979397c4c1b89c91~mv2_d_3968_2976_s_4_2.jpg/v1/fill/w_996,h_746,al_c,q_85,usm_0.66_1.00_0.01/23a2ed_6765492f42de4c14979397c4c1b89c91~mv2_d_3968_2976_s_4_2.jpg",38cms
From Frozen Floods by Jane Ward,https://www.bearspace.co.uk/product-page/from-frozen-floods-by-jane-ward,70,840.00,"https://static.wixstatic.com/media/23a2ed_7c7f1140a9b84b17831aff477802dc76~mv2.jpg/v1/fill/w_996,h_746,al_c,q_85,usm_0.66_1.00_0.01/23a2ed_7c7f1140a9b84b17831aff477802dc76~mv2.jpg",90
And The Sunset by Jane Ward,https://www.bearspace.co.uk/product-page/and-the-sunset-by-jane-ward,70,840.00,"https://static.wixstatic.com/media/23a2ed_52d7dd60954347e4bef38b8bafa68a50~mv2.jpg/v1/fill/w_996,h_746,al_c,q_85,usm_0.66_1.00_0.01/23a2ed_52d7dd60954347e4bef38b8bafa68a50~mv2.jpg",90
Entry Point by Joseph Stokes,https://www.bearspace.co.uk/product-page/entry-point-by-joseph-stokes,50,720.00,"https://static.wixstatic.com/media/23a2ed_98f9c7845c69456cb932ff9688ed10bc~mv2_d_1604_2080_s_2.jpg/v1/fill/w_996,h_1330,al_c,q_85,usm_0.66_1.00_0.01/23a2ed_98f9c7845c69456cb932ff9688ed10bc~mv2_d_1604_2080_s_2.jpg",40
El Dorado by John Greenwood,https://www.bearspace.co.uk/product-page/el-dorado-by-john-greenwood,45,"3,800.00","https://static.wixstatic.com/media/23a2ed_36fc7874ce394655893f0ee9a3ec4dbc~mv2_d_2086_2502_s_2.jpg/v1/fill/w_996,h_1330,al_c,q_85,usm_0.66_1.00_0.01/23a2ed_36fc7874ce394655893f0ee9a3ec4dbc~mv2_d_2086_2502_s_2.jpg",38cms
Where Stars Dissolve by Bella Easton,https://www.bearspace.co.uk/product-page/where-stars-dissolve-by-bella-easton,56 ,"3,200.00","https://static.wixstatic.com/media/23a2ed_ccbdecd192f6406a97fc11d489f336f7~mv2_d_1535_2128_s_2.jpg/v1/fill/w_996,h_1330,al_c,q_85,usm_0.66_1.00_0.01/23a2ed_ccbdecd192f6406a97fc11d489f336f7~mv2_d_1535_2128_s_2.jpg", 41
Standing Triple Black Grey and White by Vic Wright,https://www.bearspace.co.uk/product-page/standing-triple-black-grey-and-white-by-vic-wright,14 ,340.00,"https://static.wixstatic.com/media/23a2ed_86b16ed3ebaf4b0997c41de270584ab7~mv2.jpg/v1/fill/w_920,h_1382,al_c,q_85/23a2ed_86b16ed3ebaf4b0997c41de270584ab7~mv2.jpg", 11
Meld 3 by Vic Wright,https://www.bearspace.co.uk/product-page/meld-3-by-vic-wright,18 ,440.00,"https://static.wixstatic.com/media/23a2ed_abef3b32619146acb53d590abc9a3de9~mv2.jpg/v1/fill/w_920,h_1382,al_c,q_85/23a2ed_abef3b32619146acb53d590abc9a3de9~mv2.jpg", 12
ANGEL HEART by Bella Easton,https://www.bearspace.co.uk/product-page/angel-heart-by-bella-easton,56 ,"3,200.00","https://static.wixstatic.com/media/23a2ed_2c40805af69b478ebe428bf019e02f25~mv2_d_1512_2091_s_2.jpg/v1/fill/w_996,h_1330,al_c,q_85,usm_0.66_1.00_0.01/23a2ed_2c40805af69b478ebe428bf019e02f25~mv2_d_1512_2091_s_2.jpg", 41
White Sitting Double by Vic Wright,https://www.bearspace.co.uk/product-page/white-sitting-double-by-vic-wright,5 ,290.00,"https://static.wixstatic.com/media/23a2ed_a4786138f8d548ccad19a079b16506cb~mv2_d_2565_3847_s_4_2.jpg/v1/fill/w_996,h_1496,al_c,q_85,usm_0.66_1.00_0.01/23a2ed_a4786138f8d548ccad19a079b16506cb~mv2_d_2565_3847_s_4_2.jpg", 10
"Wherever You Go, I Will Follow by Dominic Bradnum",https://www.bearspace.co.uk/product-page/wherever-you-go-i-will-follow-by-dominic-bradnum,70cm ,"1,400.00","https://static.wixstatic.com/media/23a2ed_9e21e435a46940f7910d01060e262f40~mv2.jpeg/v1/fill/w_996,h_664,al_c,q_85,usm_0.66_1.00_0.01/23a2ed_9e21e435a46940f7910d01060e262f40~mv2.jpeg", 100
Unfathomable Deeps by Jane Ward,https://www.bearspace.co.uk/product-page/unfathomable-deeps-by-jane-ward,70,840.00,"https://static.wixstatic.com/media/23a2ed_a91fd48a7d2c4d15938c83e6f3c09545~mv2.jpg/v1/fill/w_996,h_746,al_c,q_85,usm_0.66_1.00_0.01/23a2ed_a91fd48a7d2c4d15938c83e6f3c09545~mv2.jpg",90
The High Way (Peak) by Jane Ward,https://www.bearspace.co.uk/product-page/the-high-way-peak-by-jane-ward-1,90,940.00,"https://static.wixstatic.com/media/23a2ed_87c8d4a021ac40c1a815dacdde36a2d1~mv2.jpg/v1/fill/w_796,h_1063,al_c,q_85/23a2ed_87c8d4a021ac40c1a815dacdde36a2d1~mv2.jpg",70
"Of Earth, Air and Water by Jane Ward",https://www.bearspace.co.uk/product-page/of-earth-air-and-water-by-jane-ward,70,840.00,"https://static.wixstatic.com/media/23a2ed_8485b8464d154601b9d41c03946c1283~mv2.jpg/v1/fill/w_996,h_746,al_c,q_85,usm_0.66_1.00_0.01/23a2ed_8485b8464d154601b9d41c03946c1283~mv2.jpg",90
Standing White and Grey speckle by Vic Wright,https://www.bearspace.co.uk/product-page/standing-white-and-grey-speckle-by-vic-wright,14 ,325.00,"https://static.wixstatic.com/media/23a2ed_4133d924a4434035800b1bb77a521148~mv2.jpg/v1/fill/w_920,h_1382,al_c,q_85/23a2ed_4133d924a4434035800b1bb77a521148~mv2.jpg", 13
In These Solitudes by Jane Ward,https://www.bearspace.co.uk/product-page/in-these-solitudes-by-jane-ward,70,840.00,"https://static.wixstatic.com/media/23a2ed_cb29ce9b22054ab585e18a0512a41965~mv2.jpg/v1/fill/w_996,h_746,al_c,q_85,usm_0.66_1.00_0.01/23a2ed_cb29ce9b22054ab585e18a0512a41965~mv2.jpg",90
The Reaches by Chris Hawtin,https://www.bearspace.co.uk/product-page/the-reaches-by-chris-hawtin,50,940.00,"https://static.wixstatic.com/media/23a2ed_fd06626603694e8ca33a2d4d63647554~mv2_d_2480_2065_s_2.jpg/v1/fill/w_996,h_746,al_c,q_85,usm_0.66_1.00_0.01/23a2ed_fd06626603694e8ca33a2d4d63647554~mv2_d_2480_2065_s_2.jpg",60
With Tomorrow by Chris Hawtin,https://www.bearspace.co.uk/product-page/with-tomorrow-by-chris-hawtin,50,940.00,"https://static.wixstatic.com/media/23a2ed_508c43fd81c74f019f9470602f841ec8~mv2_d_2171_1777_s_2.jpg/v1/fill/w_996,h_746,al_c,q_85,usm_0.66_1.00_0.01/23a2ed_508c43fd81c74f019f9470602f841ec8~mv2_d_2171_1777_s_2.jpg",60
"""Stroke"" by Deanna Lewis",https://www.bearspace.co.uk/product-page/stroke-by-deanna-lewis,40 ,440.00,"https://static.wixstatic.com/media/23a2ed_8d7e2db39efd4d9983b592b04cb5fddf~mv2_d_2887_1889_s_2.jpg/v1/fill/w_996,h_664,al_c,q_85,usm_0.66_1.00_0.01/23a2ed_8d7e2db39efd4d9983b592b04cb5fddf~mv2_d_2887_1889_s_2.jpg", 60
Skywalk by Jane Ward,https://www.bearspace.co.uk/product-page/skywalk-by-jane-ward,90,940.00,"https://static.wixstatic.com/media/23a2ed_3bb1c42a24ca4c04b413f9f670ba205b~mv2.jpg/v1/fill/w_796,h_1063,al_c,q_85/23a2ed_3bb1c42a24ca4c04b413f9f670ba205b~mv2.jpg",70
The Chaos by Chris Hawtin,https://www.bearspace.co.uk/product-page/the-chaos-by-chris-hawtin,50,940.00,"https://static.wixstatic.com/media/23a2ed_b2b766d3b1964ea8aa87b5a5d3e27c5a~mv2_d_2155_1810_s_2.jpg/v1/fill/w_996,h_746,al_c,q_85,usm_0.66_1.00_0.01/23a2ed_b2b766d3b1964ea8aa87b5a5d3e27c5a~mv2_d_2155_1810_s_2.jpg",60
Message Of Undying Love by Dominic Bradnum,https://www.bearspace.co.uk/product-page/message-of-undying-love-by-dominic-bradnum,110cm ,"2,400.00","https://static.wixstatic.com/media/23a2ed_0ce1ee98223f43bcb4a734912f871404~mv2.jpg/v1/fill/w_996,h_746,al_c,q_85,usm_0.66_1.00_0.01/23a2ed_0ce1ee98223f43bcb4a734912f871404~mv2.jpg", 150
Yellow Wall by Lucinda Metcalfe,https://www.bearspace.co.uk/product-page/yellow-wall-by-lucinda-metcalfe-1,60,"1,200.00","https://static.wixstatic.com/media/23a2ed_37d336f50a174d88a0395ba5091b321b~mv2_d_2982_2225_s_2.jpg/v1/fill/w_996,h_746,al_c,q_85,usm_0.66_1.00_0.01/23a2ed_37d336f50a174d88a0395ba5091b321b~mv2_d_2982_2225_s_2.jpg",80
SSHHH by Dominic Bradnum,https://www.bearspace.co.uk/product-page/sshhh-by-dominic-bradnum,40,640.00,"https://static.wixstatic.com/media/23a2ed_9c4d51dba2294a9099e5e1e522005859~mv2.jpg/v1/fill/w_996,h_746,al_c,q_85,usm_0.66_1.00_0.01/23a2ed_9c4d51dba2294a9099e5e1e522005859~mv2.jpg",50
Emplacement 1 by Victoria Ashdown,https://www.bearspace.co.uk/product-page/emplacement-1-by-victoria-ashdown,30,140.00,"https://static.wixstatic.com/media/23a2ed_a938d23c94ba428c92606b8c9300a3f1~mv2_d_2840_2983_s_4_2.jpg/v1/fill/w_996,h_996,al_c,q_85,usm_0.66_1.00_0.01/23a2ed_a938d23c94ba428c92606b8c9300a3f1~mv2_d_2840_2983_s_4_2.jpg",30
Emplacement 6 by Victoria Ashdown,https://www.bearspace.co.uk/product-page/emplacement-6-by-victoria-ashdown,20,240.00,"https://static.wixstatic.com/media/23a2ed_25e743596eb34392b34da15121bf2d7e~mv2_d_4608_3456_s_4_2.jpg/v1/fill/w_996,h_746,al_c,q_85,usm_0.66_1.00_0.01/23a2ed_25e743596eb34392b34da15121bf2d7e~mv2_d_4608_3456_s_4_2.jpg",21
Emplacement 7 by Victoria Ashdown,https://www.bearspace.co.uk/product-page/emplacement-7-by-victoria-ashdown,13,240.00,"https://static.wixstatic.com/media/23a2ed_1dc0bf6dee0f4bb28372d7d73b2921ea~mv2_d_3298_3077_s_4_2.jpg/v1/fill/w_996,h_996,al_c,q_85,usm_0.66_1.00_0.01/23a2ed_1dc0bf6dee0f4bb28372d7d73b2921ea~mv2_d_3298_3077_s_4_2.jpg",23
Emplacement 2 by Victoria Ashdown,https://www.bearspace.co.uk/product-page/emplacement-2-by-victoria-ashdown,26,180.00,"https://static.wixstatic.com/media/23a2ed_b6e8c64e618d4753ab805b91cee36bd6~mv2_d_3862_3025_s_4_2.jpg/v1/fill/w_996,h_746,al_c,q_85,usm_0.66_1.00_0.01/23a2ed_b6e8c64e618d4753ab805b91cee36bd6~mv2_d_3862_3025_s_4_2.jpg",4
Emplacement 3 by Victoria Ashdown,https://www.bearspace.co.uk/product-page/emplacement-3-by-victoria-ashdown,15,180.00,"https://static.wixstatic.com/media/23a2ed_af63696e3ab94014abb0b6a882102c63~mv2_d_3474_3136_s_4_2.jpg/v1/fill/w_996,h_996,al_c,q_85,usm_0.66_1.00_0.01/23a2ed_af63696e3ab94014abb0b6a882102c63~mv2_d_3474_3136_s_4_2.jpg",42
Emplacement 4 by Victoria Ashdown,https://www.bearspace.co.uk/product-page/emplacement-4-by-victoria-ashdown,43,180.00,"https://static.wixstatic.com/media/23a2ed_d766791085f0402cbe9afb93cbecbff8~mv2_d_4326_3216_s_4_2.jpg/v1/fill/w_996,h_746,al_c,q_85,usm_0.66_1.00_0.01/23a2ed_d766791085f0402cbe9afb93cbecbff8~mv2_d_4326_3216_s_4_2.jpg",25
"""Follow"" by Deanna Lewis",https://www.bearspace.co.uk/product-page/follow-by-deanna-lewis,35 ,340.00,"https://static.wixstatic.com/media/23a2ed_9f48120fa5a14de886d19998a4f41b78~mv2_d_2544_1780_s_2.jpg/v1/fill/w_996,h_664,al_c,q_85,usm_0.66_1.00_0.01/23a2ed_9f48120fa5a14de886d19998a4f41b78~mv2_d_2544_1780_s_2.jpg", 50
Emplacement 5 by Victoria Ashdown,https://www.bearspace.co.uk/product-page/emplacement-5-by-victoria-ashdown,40,240.00,"https://static.wixstatic.com/media/23a2ed_9658ba39dee3402eb8fddba2c0e33270~mv2_d_3618_2645_s_4_2.jpg/v1/fill/w_996,h_746,al_c,q_85,usm_0.66_1.00_0.01/23a2ed_9658ba39dee3402eb8fddba2c0e33270~mv2_d_3618_2645_s_4_2.jpg",26
"""Point"" by Deanna Lewis",https://www.bearspace.co.uk/product-page/point-by-deanna-lewis,35 ,340.00,"https://static.wixstatic.com/media/23a2ed_0c6bae368354406893fed2369f0a633f~mv2_d_2708_1867_s_2.jpg/v1/fill/w_996,h_664,al_c,q_85,usm_0.66_1.00_0.01/23a2ed_0c6bae368354406893fed2369f0a633f~mv2_d_2708_1867_s_2.jpg", 50
"""Push"" by Deanna Lewis",https://www.bearspace.co.uk/product-page/push-by-deanna-lewis,40 ,440.00,"https://static.wixstatic.com/media/23a2ed_847c5d4cfcf84170ac8d6336a1c327de~mv2_d_2897_1937_s_2.jpg/v1/fill/w_996,h_664,al_c,q_85,usm_0.66_1.00_0.01/23a2ed_847c5d4cfcf84170ac8d6336a1c327de~mv2_d_2897_1937_s_2.jpg", 60
"""Exchange"" by Deanna Lewis",https://www.bearspace.co.uk/product-page/exchange-by-deanna-lewis,35 ,340.00,"https://static.wixstatic.com/media/23a2ed_720a7caf7bc8460dbd7a94f0c0036bc5~mv2_d_2878_2046_s_2.jpg/v1/fill/w_996,h_746,al_c,q_85,usm_0.66_1.00_0.01/23a2ed_720a7caf7bc8460dbd7a94f0c0036bc5~mv2_d_2878_2046_s_2.jpg", 50
"""Shift"" by Deanna Lewis",https://www.bearspace.co.uk/product-page/shift-by-deanna-lewis,40 ,440.00,"https://static.wixstatic.com/media/23a2ed_1cb05655ee9a4b83bd3af17f7d7da950~mv2_d_2884_1892_s_2.jpg/v1/fill/w_996,h_664,al_c,q_85,usm_0.66_1.00_0.01/23a2ed_1cb05655ee9a4b83bd3af17f7d7da950~mv2_d_2884_1892_s_2.jpg", 60
YETI OVER MOUNT FUJI (PANTONE YELLOW) by Phil Ashcroft,https://www.bearspace.co.uk/product-page/yeti-over-mount-fuji-pantone-yellow-by-phil-ashcroft,4 ,150.00,"https://static.wixstatic.com/media/23a2ed_01025a58d83b48348d158ffba2d87257~mv2.jpg/v1/fill/w_964,h_1287,al_c,q_85/23a2ed_01025a58d83b48348d158ffba2d87257~mv2.jpg", 42
Ennio Fallen by Chris Hawtin,https://www.bearspace.co.uk/product-page/ennio-fallen-by-chris-hawtin,198,"4,000.00","https://static.wixstatic.com/media/23a2ed_cb02cefdefeb442d95a09388816c9ed7~mv2_d_2792_2772_s_4_2.jpg/v1/fill/w_996,h_996,al_c,q_85,usm_0.66_1.00_0.01/23a2ed_cb02cefdefeb442d95a09388816c9ed7~mv2_d_2792_2772_s_4_2.jpg",198
Venn's Bluff by Chris Hawtin,https://www.bearspace.co.uk/product-page/venn-s-bluff-by-chris-hawtin,180,"3,800.00","https://static.wixstatic.com/media/23a2ed_22bd550bcb1b43afa3b08fbf19c8f62f~mv2_d_2794_2794_s_4_2.jpg/v1/fill/w_996,h_996,al_c,q_85,usm_0.66_1.00_0.01/23a2ed_22bd550bcb1b43afa3b08fbf19c8f62f~mv2_d_2794_2794_s_4_2.jpg",180
The Wheel by Chris Hawtin,https://www.bearspace.co.uk/product-page/the-wheel-by-chris-hawtin,198,"4,000.00","https://static.wixstatic.com/media/23a2ed_98c26ee6815445f292c258eb65ffaa43~mv2_d_2953_2953_s_4_2.jpg/v1/fill/w_996,h_996,al_c,q_85,usm_0.66_1.00_0.01/23a2ed_98c26ee6815445f292c258eb65ffaa43~mv2_d_2953_2953_s_4_2.jpg",198
Take Our Time (Someday) by Chris Hawtin,https://www.bearspace.co.uk/product-page/take-our-time-someday-by-chris-hawtin,40,640.00,"https://static.wixstatic.com/media/23a2ed_a3f6abb75e72496c84a945ad9063e83b~mv2_d_2000_2644_s_2.jpg/v1/fill/w_996,h_1330,al_c,q_85,usm_0.66_1.00_0.01/23a2ed_a3f6abb75e72496c84a945ad9063e83b~mv2_d_2000_2644_s_2.jpg",30
Alpine 3 by Jane Ward,https://www.bearspace.co.uk/product-page/alpine-3-by-jane-ward-1,40,290.00,"https://static.wixstatic.com/media/23a2ed_d9632229516949bcb2c58f1ed3825f8e~mv2.jpg/v1/fill/w_796,h_1063,al_c,q_85/23a2ed_d9632229516949bcb2c58f1ed3825f8e~mv2.jpg",30
Embers by Chris Hawtin,https://www.bearspace.co.uk/product-page/embers-by-chris-hawtin,40,640.00,"https://static.wixstatic.com/media/23a2ed_384caa72145a4697b02316d1d8a48aaa~mv2_d_2222_2920_s_2.jpg/v1/fill/w_996,h_1330,al_c,q_85,usm_0.66_1.00_0.01/23a2ed_384caa72145a4697b02316d1d8a48aaa~mv2_d_2222_2920_s_2.jpg",30
Summer Breeze by Lucinda Metcalfe,https://www.bearspace.co.uk/product-page/summer-breeze-by-lucinda-metcalfe,5cm,690.00,"https://static.wixstatic.com/media/23a2ed_9f987266a3be41058bde2ddc8476057a~mv2_d_2461_1843_s_2.jpg/v1/fill/w_996,h_746,al_c,q_85,usm_0.66_1.00_0.01/23a2ed_9f987266a3be41058bde2ddc8476057a~mv2_d_2461_1843_s_2.jpg",45
Loneliness by Chris Hawtin,https://www.bearspace.co.uk/product-page/loneliness-by-chris-hawtin,40,640.00,"https://static.wixstatic.com/media/23a2ed_df69bd8df5d74c58b7ac60fb5ebb2240~mv2_d_3344_2463_s_4_2.jpg/v1/fill/w_996,h_746,al_c,q_85,usm_0.66_1.00_0.01/23a2ed_df69bd8df5d74c58b7ac60fb5ebb2240~mv2_d_3344_2463_s_4_2.jpg",30
Alpine 4 by Jane Ward,https://www.bearspace.co.uk/product-page/alpine-3-by-jane-ward,40,290.00,"https://static.wixstatic.com/media/23a2ed_bdf3f2acea3e4595964717347e16dde1~mv2.jpg/v1/fill/w_796,h_1063,al_c,q_85/23a2ed_bdf3f2acea3e4595964717347e16dde1~mv2.jpg",30
Guiding Light by Chris Hawtin,https://www.bearspace.co.uk/product-page/guiding-light-by-chris-hawtin,40,695.00,"https://static.wixstatic.com/media/23a2ed_3cb59736e6dd4d9b86b5329a6d617f34~mv2_d_2848_2534_s_4_2.jpg/v1/fill/w_996,h_996,al_c,q_85,usm_0.66_1.00_0.01/23a2ed_3cb59736e6dd4d9b86b5329a6d617f34~mv2_d_2848_2534_s_4_2.jpg",30
The Castle by Chris Hawtin,https://www.bearspace.co.uk/product-page/the-castle-by-chris-hawtin,90,"1,400.00","https://static.wixstatic.com/media/23a2ed_ad2ddc6070724edb81e6c02cb4d15b4b~mv2_d_2352_2987_s_2.jpg/v1/fill/w_996,h_1330,al_c,q_85,usm_0.66_1.00_0.01/23a2ed_ad2ddc6070724edb81e6c02cb4d15b4b~mv2_d_2352_2987_s_2.jpg",70
The Mortal Frame by Chris Hawtin,https://www.bearspace.co.uk/product-page/the-mortal-frame-by-chris-hawtin,99,"1,600.00","https://static.wixstatic.com/media/23a2ed_ad5a1db62d8d43eba3df9f108f0e1ae3~mv2_d_2463_2467_s_4_2.jpg/v1/fill/w_996,h_996,al_c,q_85,usm_0.66_1.00_0.01/23a2ed_ad5a1db62d8d43eba3df9f108f0e1ae3~mv2_d_2463_2467_s_4_2.jpg",99
Recon Drones by Chris Hawtin,https://www.bearspace.co.uk/product-page/recon-drones-by-chris-hawtin,22,640.00,"https://static.wixstatic.com/media/23a2ed_5083987aa40449cca905979c46962866~mv2_d_3168_2814_s_4_2.jpg/v1/fill/w_996,h_996,al_c,q_85,usm_0.66_1.00_0.01/23a2ed_5083987aa40449cca905979c46962866~mv2_d_3168_2814_s_4_2.jpg",1413
Capital Drone by Chris Hawtin,https://www.bearspace.co.uk/product-page/capital-drone-by-chris-hawtin,22,640.00,"https://static.wixstatic.com/media/23a2ed_8da7dd71436f4e2cb2c322911d55d28d~mv2_d_2896_2614_s_4_2.jpg/v1/fill/w_996,h_996,al_c,q_85,usm_0.66_1.00_0.01/23a2ed_8da7dd71436f4e2cb2c322911d55d28d~mv2_d_2896_2614_s_4_2.jpg",1413
Sovereign,https://www.bearspace.co.uk/product-page/sovereign,22,640.00,"https://static.wixstatic.com/media/23a2ed_bebbcb5f36744976acbf2f801cb5d426~mv2_d_1788_2362_s_2.jpg/v1/fill/w_996,h_1330,al_c,q_85,usm_0.66_1.00_0.01/23a2ed_bebbcb5f36744976acbf2f801cb5d426~mv2_d_1788_2362_s_2.jpg",1413
copy of Recon Drones by Chris Hawtin,https://www.bearspace.co.uk/product-page/copy-of-recon-drones-by-chris-hawtin,22,640.00,"https://static.wixstatic.com/media/23a2ed_5083987aa40449cca905979c46962866~mv2_d_3168_2814_s_4_2.jpg/v1/fill/w_996,h_996,al_c,q_85,usm_0.66_1.00_0.01/23a2ed_5083987aa40449cca905979c46962866~mv2_d_3168_2814_s_4_2.jpg",1413
Factory by Chris Hawtin,https://www.bearspace.co.uk/product-page/factory-by-chris-hawtin,22,640.00,"https://static.wixstatic.com/media/23a2ed_69c32232a6774e75949d0c8cda6fe648~mv2_d_2310_3864_s_2.jpg/v1/fill/w_996,h_1496,al_c,q_85,usm_0.66_1.00_0.01/23a2ed_69c32232a6774e75949d0c8cda6fe648~mv2_d_2310_3864_s_2.jpg",1413
The High Way (Pass) by Jane Ward,https://www.bearspace.co.uk/product-page/the-high-way-peak-by-jane-ward,90,940.00,"https://static.wixstatic.com/media/23a2ed_4ff9510c393c443fa02a7308910c3184~mv2.jpg/v1/fill/w_796,h_1063,al_c,q_85/23a2ed_4ff9510c393c443fa02a7308910c3184~mv2.jpg",70
Bridge Over Garden City State by Jane Ward,https://www.bearspace.co.uk/product-page/bridge-over-garden-city-state-by-jane-ward,90,"1,800.00","https://static.wixstatic.com/media/23a2ed_7444b6f6cb8a4acc91a9a8fd74812cb3~mv2_d_2584_1944_s_2.jpg/v1/fill/w_996,h_746,al_c,q_85,usm_0.66_1.00_0.01/23a2ed_7444b6f6cb8a4acc91a9a8fd74812cb3~mv2_d_2584_1944_s_2.jpg",120
MYRIORAMA ROOM series - LAMP by Bella Easton,https://www.bearspace.co.uk/product-page/myriorama-room-series-lamp-by-bella-easton,89 ,"2,800.00","https://static.wixstatic.com/media/23a2ed_609e49c5ebd140358f1c20f763fbbec6~mv2_d_1907_2551_s_2.jpg/v1/fill/w_996,h_1330,al_c,q_85,usm_0.66_1.00_0.01/23a2ed_609e49c5ebd140358f1c20f763fbbec6~mv2_d_1907_2551_s_2.jpg", 117
MYRIORAMA ROOM series –ARMCHAIR by Bella Easton,https://www.bearspace.co.uk/product-page/myriorama-room-series-armchair-by-bella-easton,89 ,"2,800.00","https://static.wixstatic.com/media/23a2ed_8401d5ac47d44a818fe4bd3e4ce4f7a7~mv2_d_1900_2525_s_2.jpg/v1/fill/w_996,h_1330,al_c,q_85,usm_0.66_1.00_0.01/23a2ed_8401d5ac47d44a818fe4bd3e4ce4f7a7~mv2_d_1900_2525_s_2.jpg", 117
Chiral III by Bella Easton,https://www.bearspace.co.uk/product-page/chiral-iii-by-bella-easton,40 X 18CM,940.00,"https://static.wixstatic.com/media/23a2ed_4d54da67a8d94434973b3883ce2b6a70~mv2_d_3801_2111_s_2.jpg/v1/fill/w_996,h_664,al_c,q_85,usm_0.66_1.00_0.01/23a2ed_4d54da67a8d94434973b3883ce2b6a70~mv2_d_3801_2111_s_2.jpg",40 X 18CM
Chiral VI by Bella Easton,https://www.bearspace.co.uk/product-page/chiral-vi-by-bella-easton,40 X 18CM,940.00,"https://static.wixstatic.com/media/23a2ed_92ad4628270f4e218b4738d13900adc0~mv2_d_3801_2111_s_2.jpg/v1/fill/w_996,h_664,al_c,q_85,usm_0.66_1.00_0.01/23a2ed_92ad4628270f4e218b4738d13900adc0~mv2_d_3801_2111_s_2.jpg",40 X 18CM
Chiral IV by Bella Easton,https://www.bearspace.co.uk/product-page/chiral-iv-by-bella-easton,40 X 18CM,940.00,"https://static.wixstatic.com/media/23a2ed_6cf623aa993b41fe99a79247c4a84637~mv2_d_3801_2111_s_2.jpg/v1/fill/w_996,h_664,al_c,q_85,usm_0.66_1.00_0.01/23a2ed_6cf623aa993b41fe99a79247c4a84637~mv2_d_3801_2111_s_2.jpg",40 X 18CM
Overland 1 by Jane Ward,https://www.bearspace.co.uk/product-page/overland-1-by-jane-ward,90,"1,400.00","https://static.wixstatic.com/media/23a2ed_fdda50e7f222460a899fab0336fbac8e~mv2.jpg/v1/fill/w_996,h_746,al_c,q_85,usm_0.66_1.00_0.01/23a2ed_fdda50e7f222460a899fab0336fbac8e~mv2.jpg",120
Chiral V by Bella Easton,https://www.bearspace.co.uk/product-page/chiral-v-by-bella-easton,40 X 18CM,940.00,"https://static.wixstatic.com/media/23a2ed_741d332c7b274af79d56da25dba678cd~mv2_d_3801_2111_s_2.jpg/v1/fill/w_996,h_664,al_c,q_85,usm_0.66_1.00_0.01/23a2ed_741d332c7b274af79d56da25dba678cd~mv2_d_3801_2111_s_2.jpg",40 X 18CM
Chiral II by Bella Easton,https://www.bearspace.co.uk/product-page/chiral-ii-by-bella-easton,40 X 18CM,940.00,"https://static.wixstatic.com/media/23a2ed_300ac42a20684c8097b1db48ce1e9e40~mv2_d_3801_2111_s_2.jpg/v1/fill/w_996,h_664,al_c,q_85,usm_0.66_1.00_0.01/23a2ed_300ac42a20684c8097b1db48ce1e9e40~mv2_d_3801_2111_s_2.jpg",40 X 18CM
MYRIORAMA ROOM series – FIREPLACE II by Bella Easton,https://www.bearspace.co.uk/product-page/myriorama-room-series-fireplace-ii-by-bella-easton,89 ,"2,800.00","https://static.wixstatic.com/media/23a2ed_9c0269992e7c44d0974c41b288f2261a~mv2_d_1694_2268_s_2.jpg/v1/fill/w_996,h_1330,al_c,q_85,usm_0.66_1.00_0.01/23a2ed_9c0269992e7c44d0974c41b288f2261a~mv2_d_1694_2268_s_2.jpg", 117
Overland 2 by Jane Ward,https://www.bearspace.co.uk/product-page/overland-2-by-jane-ward,90,"1,400.00","https://static.wixstatic.com/media/23a2ed_36340c0232ed4984940fd0f1d88d6191~mv2.jpg/v1/fill/w_996,h_746,al_c,q_85,usm_0.66_1.00_0.01/23a2ed_36340c0232ed4984940fd0f1d88d6191~mv2.jpg",120
Overland 3 by Jane Ward,https://www.bearspace.co.uk/product-page/overland-3-by-jane-ward,90,"1,400.00","https://static.wixstatic.com/media/23a2ed_5e140609babd4616b77604bb71c0a2da~mv2.jpg/v1/fill/w_996,h_746,al_c,q_85,usm_0.66_1.00_0.01/23a2ed_5e140609babd4616b77604bb71c0a2da~mv2.jpg",120
Overland 4 by Jane Ward,https://www.bearspace.co.uk/product-page/overland-4-by-jane-ward,90,"1,400.00","https://static.wixstatic.com/media/23a2ed_2dfbfe7a31db41b3aade3cb507cc6549~mv2.jpg/v1/fill/w_996,h_746,al_c,q_85,usm_0.66_1.00_0.01/23a2ed_2dfbfe7a31db41b3aade3cb507cc6549~mv2.jpg",120
Alpine 1 by Jane Ward,https://www.bearspace.co.uk/product-page/alpine-1-by-jane-ward,40,290.00,"https://static.wixstatic.com/media/23a2ed_cc168ef583074472b5b34ddf232a4f45~mv2.jpg/v1/fill/w_781,h_1043,al_c,q_85/23a2ed_cc168ef583074472b5b34ddf232a4f45~mv2.jpg",30
The Vandal by Chris Hawtin,https://www.bearspace.co.uk/product-page/the-vandal-by-chris-hawtin,76,250.00,"https://static.wixstatic.com/media/23a2ed_f774b43a2aed48478d6aba2c9e17bd22~mv2.jpg/v1/fill/w_996,h_1330,al_c,q_85,usm_0.66_1.00_0.01/23a2ed_f774b43a2aed48478d6aba2c9e17bd22~mv2.jpg",56
Alpine 2 by Jane Ward,https://www.bearspace.co.uk/product-page/alpine-2-by-jane-ward,40,290.00,"https://static.wixstatic.com/media/23a2ed_72384b17c7d94385a73fd9845cfe7ab9~mv2.jpg/v1/fill/w_796,h_1063,al_c,q_85/23a2ed_72384b17c7d94385a73fd9845cfe7ab9~mv2.jpg",30
Tilt by Chris Hawton,https://www.bearspace.co.uk/product-page/tilt-by-chris-hawton,51,800.00,"https://static.wixstatic.com/media/23a2ed_1ccd123081d941adbafe9cd1b2afbe1e~mv2.jpg/v1/fill/w_996,h_996,al_c,q_85,usm_0.66_1.00_0.01/23a2ed_1ccd123081d941adbafe9cd1b2afbe1e~mv2.jpg",46
March by Chris Hawtin,https://www.bearspace.co.uk/product-page/march-by-chris-hawtin,57,940.00,"https://static.wixstatic.com/media/23a2ed_8cfcbe301dc74233899209feb89927e5~mv2.jpg/v1/fill/w_996,h_996,al_c,q_85,usm_0.66_1.00_0.01/23a2ed_8cfcbe301dc74233899209feb89927e5~mv2.jpg",62
The Scientist by Chris Hawtin,https://www.bearspace.co.uk/product-page/the-scientist-by-chris-hawtin,76,250.00,"https://static.wixstatic.com/media/23a2ed_9d93f2c27ac0426e8cd2fed0dc436fba~mv2.jpg/v1/fill/w_996,h_1330,al_c,q_85,usm_0.66_1.00_0.01/23a2ed_9d93f2c27ac0426e8cd2fed0dc436fba~mv2.jpg",56
The Hidden City by Chris Hawtin,https://www.bearspace.co.uk/product-page/the-hidden-city-by-chris-hawtin,87,"1,600.00","https://static.wixstatic.com/media/23a2ed_083b7e965f334a6ead7e57d47fa74b71~mv2.jpg/v1/fill/w_996,h_746,al_c,q_85,usm_0.66_1.00_0.01/23a2ed_083b7e965f334a6ead7e57d47fa74b71~mv2.jpg",101
The Dawn Chorus by Chris Hawtin,https://www.bearspace.co.uk/product-page/the-dawn-chorus-by-chris-hawtin,170,"3,800.00","https://static.wixstatic.com/media/23a2ed_62b5c54bc5204e68ba2305f884a38484~mv2_d_1240_1304_s_2.jpg/v1/fill/w_996,h_996,al_c,q_85,usm_0.66_1.00_0.01/23a2ed_62b5c54bc5204e68ba2305f884a38484~mv2_d_1240_1304_s_2.jpg",160
Photeus at the Pythia by Chris Hawtin,https://www.bearspace.co.uk/product-page/photeus-at-the-pythia-by-chris-hawtin,70,"1,200.00","https://static.wixstatic.com/media/23a2ed_9e2a1916d95e4dd881d8eb30e936f0c8~mv2.jpg/v1/fill/w_996,h_996,al_c,q_85,usm_0.66_1.00_0.01/23a2ed_9e2a1916d95e4dd881d8eb30e936f0c8~mv2.jpg",70
Protist Peak by Chris Hawtin,https://www.bearspace.co.uk/product-page/protist-peak-by-chris-hawtin,40,690.00,"https://static.wixstatic.com/media/23a2ed_e475714af9d845e898dd1edaa9313bf5~mv2.jpg/v1/fill/w_996,h_746,al_c,q_85,usm_0.66_1.00_0.01/23a2ed_e475714af9d845e898dd1edaa9313bf5~mv2.jpg",50
The Cope Marsh Station by Chris Hawtin,https://www.bearspace.co.uk/product-page/the-cope-marsh-station,86,"1,400.00","https://static.wixstatic.com/media/23a2ed_e0781e3f44c144ff90d46285bcf1fdc8~mv2.jpg/v1/fill/w_996,h_996,al_c,q_85,usm_0.66_1.00_0.01/23a2ed_e0781e3f44c144ff90d46285bcf1fdc8~mv2.jpg",86
Jubellied (joy song) by Nadja Gabriela Plein,https://www.bearspace.co.uk/product-page/jubellied-joy-song-by-nadja-gabriela-plein,50 ,490.00,"https://static.wixstatic.com/media/23a2ed_1ea0ceb26c59491593208b79a52c6d0d~mv2_d_2784_3456_s_4_2.jpg/v1/fill/w_996,h_1330,al_c,q_85,usm_0.66_1.00_0.01/23a2ed_1ea0ceb26c59491593208b79a52c6d0d~mv2_d_2784_3456_s_4_2.jpg", 41
Relic Engines by Chris Hawtin,https://www.bearspace.co.uk/product-page/relic-engines-by-chris-hawtin,45,690.00,"https://static.wixstatic.com/media/23a2ed_9074e39a8560459793d0e98b1025648d~mv2.jpg/v1/fill/w_996,h_996,al_c,q_85,usm_0.66_1.00_0.01/23a2ed_9074e39a8560459793d0e98b1025648d~mv2.jpg",40
Sky Walk by Jane ward,https://www.bearspace.co.uk/product-page/sky-walk-by-jane-ward,90,940.00,"https://static.wixstatic.com/media/23a2ed_d88739a376f2471f8568a8e39ed9e1db~mv2.jpg/v1/fill/w_796,h_1063,al_c,q_85/23a2ed_d88739a376f2471f8568a8e39ed9e1db~mv2.jpg",70
Seth's Narrows by Chris Hawtin,https://www.bearspace.co.uk/product-page/seth-s-narrows-by-chris-hawtin,59,800.00,"https://static.wixstatic.com/media/23a2ed_a172dddbcf5a469b850ff006bb8f1f2d~mv2.jpg/v1/fill/w_996,h_1330,al_c,q_85,usm_0.66_1.00_0.01/23a2ed_a172dddbcf5a469b850ff006bb8f1f2d~mv2.jpg",47
Castle by Jane Ward,https://www.bearspace.co.uk/product-page/castle-by-jane-ward,90,940.00,"https://static.wixstatic.com/media/23a2ed_d94491fa733c4e628cfb6e1e7d2fd1c6~mv2.jpg/v1/fill/w_796,h_1063,al_c,q_85/23a2ed_d94491fa733c4e628cfb6e1e7d2fd1c6~mv2.jpg",70
Secret Place by Natasha Kissell,https://www.bearspace.co.uk/product-page/secret-place-by-natasha-kissell,70,940.00,"https://static.wixstatic.com/media/23a2ed_97545340514a4e339b0daf951cdf4638~mv2_d_2598_2225_s_2.jpg/v1/fill/w_996,h_746,al_c,q_85,usm_0.66_1.00_0.01/23a2ed_97545340514a4e339b0daf951cdf4638~mv2_d_2598_2225_s_2.jpg",60
Amongst the Impcat Scars by Jane Ward,https://www.bearspace.co.uk/product-page/amongst-the-impcat-scars,125,"1,400.00","https://static.wixstatic.com/media/23a2ed_3221ee9c97a3464aa501404beb6b7bb8~mv2.jpg/v1/fill/w_996,h_1330,al_c,q_85,usm_0.66_1.00_0.01/23a2ed_3221ee9c97a3464aa501404beb6b7bb8~mv2.jpg",90
Heated Discussion by Lucinda Metcalfe,https://www.bearspace.co.uk/product-page/heated-discussion-by-lucinda-metcalfe,43,640.00,"https://static.wixstatic.com/media/23a2ed_2a84cbbfcc404218aaa8c0f794fbbd73~mv2_d_2179_2516_s_2.jpg/v1/fill/w_996,h_996,al_c,q_85,usm_0.66_1.00_0.01/23a2ed_2a84cbbfcc404218aaa8c0f794fbbd73~mv2_d_2179_2516_s_2.jpg",38
Garden City State 1b by Jane Ward,https://www.bearspace.co.uk/product-page/garden-city-state-1b-by-jane-ward,60,490.00,"https://static.wixstatic.com/media/23a2ed_6aa891748aed4a23b5332ef2421c9096~mv2.jpg/v1/fill/w_594,h_445,al_c,lg_1,q_85/23a2ed_6aa891748aed4a23b5332ef2421c9096~mv2.jpg",45
Garden City State 1a by Jane Ward,https://www.bearspace.co.uk/product-page/garden-city-state-1a-by-jane-ward,60,490.00,"https://static.wixstatic.com/media/23a2ed_a926b16cae8a46898f47897899f179dd~mv2.jpg/v1/fill/w_446,h_595,al_c,lg_1,q_85/23a2ed_a926b16cae8a46898f47897899f179dd~mv2.jpg",45
Garden City State 1c by Jane Ward,https://www.bearspace.co.uk/product-page/garden-city-state-1c-by-jane-ward,60,490.00,"https://static.wixstatic.com/media/23a2ed_0d9b6bdf42f847dea3c1139423f60ac9~mv2.jpg/v1/fill/w_595,h_446,al_c,lg_1,q_85/23a2ed_0d9b6bdf42f847dea3c1139423f60ac9~mv2.jpg",45
Then All Was Calm... by Dominic Bradnum,https://www.bearspace.co.uk/product-page/then-all-was-calm,110cm ,"2,400.00","https://static.wixstatic.com/media/23a2ed_b7575e794cd34365ae9daead463c27fe~mv2.jpg/v1/fill/w_996,h_746,al_c,q_85,usm_0.66_1.00_0.01/23a2ed_b7575e794cd34365ae9daead463c27fe~mv2.jpg", width 150
Under A Bruised And Leaden Sky by Dominic Badnum,https://www.bearspace.co.uk/product-page/under-a-bruised-and-leaden-sky-by-dominic-badnum,100cm ,"1,600.00","https://static.wixstatic.com/media/23a2ed_02de381c5208463eb599eced636a8b83~mv2.jpg/v1/fill/w_996,h_996,al_c,q_85,usm_0.66_1.00_0.01/23a2ed_02de381c5208463eb599eced636a8b83~mv2.jpg", width 100
Jerome's Peak by Chris Hawtin,https://www.bearspace.co.uk/product-page/jerome-s-peak-by-chris-hawtin,132,"2,400.00","https://static.wixstatic.com/media/23a2ed_5ac9e440223144399dbad6ca5bec452e~mv2.jpg/v1/fill/w_996,h_996,al_c,q_85,usm_0.66_1.00_0.01/23a2ed_5ac9e440223144399dbad6ca5bec452e~mv2.jpg",143
Anxiety Machines by Chris Hawtin,https://www.bearspace.co.uk/product-page/anxiety-machines,99,"1,600.00","https://static.wixstatic.com/media/23a2ed_ddd2124c1a684c8fb6b3c0888b9c5c35~mv2.jpg/v1/fill/w_996,h_996,al_c,q_85,usm_0.66_1.00_0.01/23a2ed_ddd2124c1a684c8fb6b3c0888b9c5c35~mv2.jpg",99
Gregor's Hollow by Chris Hawtin,https://www.bearspace.co.uk/product-page/gregor-s-hollow-by-chris-hawtin,198,"4,000.00","https://static.wixstatic.com/media/23a2ed_fa00d65220c9413ba6adde5d9f61493c~mv2.jpg/v1/fill/w_996,h_996,al_c,q_85,usm_0.66_1.00_0.01/23a2ed_fa00d65220c9413ba6adde5d9f61493c~mv2.jpg",198
I Crash Into Your Arms by Dominic Bradnum,https://www.bearspace.co.uk/product-page/i-crash-into-your-arms,70cm ,"1,400.00","https://static.wixstatic.com/media/23a2ed_09708beec7b1417fba60a41120910a86~mv2.jpg/v1/fill/w_996,h_664,al_c,q_85,usm_0.66_1.00_0.01/23a2ed_09708beec7b1417fba60a41120910a86~mv2.jpg", width 100
Bayou,https://www.bearspace.co.uk/product-page/bayou,100,690.00,"https://static.wixstatic.com/media/23a2ed_5b8c8637c0d44381ba9d6b37e6162549~mv2.jpg/v1/fill/w_632,h_421,al_c,lg_1,q_85/23a2ed_5b8c8637c0d44381ba9d6b37e6162549~mv2.jpg",44
"'Retreating, then advancing repeatedly over the centuries'5 by Janie Kidston",https://www.bearspace.co.uk/product-page/retreating-then-advancing-repeatedly-over-the-centuries-5,50,540.00,"https://static.wixstatic.com/media/23a2ed_300431a0a2a34d58a5745e3e51bf914a~mv2_d_2937_2937_s_4_2.jpg/v1/fill/w_996,h_996,al_c,q_85,usm_0.66_1.00_0.01/23a2ed_300431a0a2a34d58a5745e3e51bf914a~mv2_d_2937_2937_s_4_2.jpg",60
Boondocks by Suzanne Moxhay,https://www.bearspace.co.uk/product-page/boondocks-by-suzanne-moxhay,92X45,690.00,"https://static.wixstatic.com/media/23a2ed_e245336db8984b10a6424229d77f9ede~mv2.jpg/v1/fill/w_711,h_474,al_c,lg_1,q_85/23a2ed_e245336db8984b10a6424229d77f9ede~mv2.jpg",92X45
Athne by Suzanne Moxhay,https://www.bearspace.co.uk/product-page/athne-by-suzanne-moxhay,100X50CM,690.00,"https://static.wixstatic.com/media/23a2ed_d75039babce04739814894a4025f6229~mv2.jpg/v1/fill/w_996,h_664,al_c,q_85,usm_0.66_1.00_0.01/23a2ed_d75039babce04739814894a4025f6229~mv2.jpg",100X50CM
Gloaming by Suzanne Moxhay,https://www.bearspace.co.uk/product-page/gloaming-by-suzanne-moxhay,60,690.00,"https://static.wixstatic.com/media/23a2ed_3d09f32762a647999858b05dd0460384~mv2.jpg/v1/fill/w_752,h_563,al_c,q_85/23a2ed_3d09f32762a647999858b05dd0460384~mv2.jpg",40
(GCS) High Rise - Jane Ward,https://www.bearspace.co.uk/product-page/gcs-high-rise-jane-ward,80,990.00,"https://static.wixstatic.com/media/23a2ed_e1d5c0a1857e4122a7b157b5899358c9~mv2.jpg/v1/fill/w_709,h_947,al_c,q_85/23a2ed_e1d5c0a1857e4122a7b157b5899358c9~mv2.jpg",60
Feralis by Suzanne Moxhay,https://www.bearspace.co.uk/product-page/feralis-by-suzanne-moxhay,68X55,690.00,"https://static.wixstatic.com/media/23a2ed_2bde835f833941679b526ca61f18cf6d~mv2_d_1772_1421_s_2.jpg/v1/fill/w_996,h_746,al_c,q_85,usm_0.66_1.00_0.01/23a2ed_2bde835f833941679b526ca61f18cf6d~mv2_d_1772_1421_s_2.jpg",68X55
"'Retreating, then advancing repeatedly over the centuries 3' by Janie Kidston",https://www.bearspace.co.uk/product-page/retreating-then-advancing-repeatedly-over-the-centuries-3-by-janie-kidston,50,540.00,"https://static.wixstatic.com/media/23a2ed_608b1cf8fd5a476f8edaa926fb562ef0~mv2_d_8100_8100_s_4_2.jpg/v1/fill/w_996,h_996,al_c,q_85,usm_0.66_1.00_0.01/23a2ed_608b1cf8fd5a476f8edaa926fb562ef0~mv2_d_8100_8100_s_4_2.jpg",60
Moving from the side of the valley by Janie Kidston,https://www.bearspace.co.uk/product-page/moving-from-the-side-of-the-vallery,50,540.00,"https://static.wixstatic.com/media/23a2ed_7eca1187b0cc41fabf31d432e0cc0a17~mv2.jpg/v1/fill/w_294,h_392,al_c,lg_1,q_85/23a2ed_7eca1187b0cc41fabf31d432e0cc0a17~mv2.jpg",60
Lucinda Metcalfe - Neon Pool,https://www.bearspace.co.uk/product-page/neon-pool,39,640.00,"https://static.wixstatic.com/media/23a2ed_3087614845b8431797734aade82c713a~mv2.jpeg/v1/fill/w_768,h_575,al_c,lg_1,q_85/23a2ed_3087614845b8431797734aade82c713a~mv2.jpeg",49
"'Retreating, then advancing repeatedly over the centuries 6' by Janie Kidston",https://www.bearspace.co.uk/product-page/retreating-then-advancing-repeatedly-over-the-centuries-6-by-janie-kidston,50,540.00,"https://static.wixstatic.com/media/23a2ed_b7b23a7f1be34528a3a757b2691f536a~mv2_d_2953_2953_s_4_2.jpg/v1/fill/w_996,h_996,al_c,q_85,usm_0.66_1.00_0.01/23a2ed_b7b23a7f1be34528a3a757b2691f536a~mv2_d_2953_2953_s_4_2.jpg",60
Walking Out Over Ice in Midsummer 1 by Janie Kidston,https://www.bearspace.co.uk/product-page/walking-out-over-ice-in-midsummer-1,84cms ,940.00,"https://static.wixstatic.com/media/23a2ed_3a3f4a2e03f24f60b3e6e64d5e0260e2~mv2_d_2477_3508_s_4_2.jpg/v1/fill/w_996,h_1330,al_c,q_85,usm_0.66_1.00_0.01/23a2ed_3a3f4a2e03f24f60b3e6e64d5e0260e2~mv2_d_2477_3508_s_4_2.jpg", 59cms
